p-value	q-value	complex_name	source	members_input_overlap	members_input_overlap_geneids	size	effective_size
7.75391057002e-06	5.42773739902e-05	TGFB1/TGFBR2/Endoglin/TGFBR1/ALK1/CAV1	PID	TGFB1; ACVRL1; CAV1	94; 857; 7040	6	6
4.55383993551e-05	0.000159384397743	ETS_p:responsive element	INOH	SPI1; ERG; FLI1	2078; 2313; 6688	10	10
0.0013928074828	0.00324988412654	GPCR ligand:GPCR	INOH	SMO; TGFB2; TGFB1; TMIGD3; IL16; CD86; IL6	942; 3569; 3603; 6608; 7040; 7042; 57413	227	226
0.00275783445241	0.00464008680199	TGF beta superfamily:TGF beta receptor	INOH	TGFB1; TGFB2; ACVRL1	94; 7040; 7042	38	38
0.00331434771571	0.00464008680199	ECM proteins:Integrin alpha:Integrin beta:Cav-1:Fyn:Shc	INOH	DCN; ITGA3; ITGB2; CAV1	857; 1634; 3675; 3689	83	83