sample	X_PATIENT	OS	OS.time	DSS	DSS.time	DFI	DFI.time	PFI	PFI.time	Redaction	INVscore	INV_Pheno	TCGA_Match_Id
TCGA-3X-AAVB-01	TCGA-3X-AAVB	0	402	0	402	NA	NA	0	402	NA	12.8223290181222	INV High	TCGA-3X-AAVB-01A-31R-A41I-07
TCGA-W5-AA2H-01	TCGA-W5-AA2H	0	1077	0	1077	0	1077	0	1077	NA	7.26081464768613	INV Low	TCGA-W5-AA2H-01A-31R-A41I-07
TCGA-W5-AA2I-01	TCGA-W5-AA2I	1	1939	1	1939	0	1939	1	217	NA	6.52195375516424	INV Low	TCGA-W5-AA2I-01A-32R-A41I-07
TCGA-W5-AA2Z-01	TCGA-W5-AA2Z	0	1614	0	1614	NA	NA	0	1614	NA	11.4102696091483	INV High	TCGA-W5-AA2Z-01A-11R-A41I-07
TCGA-W5-AA39-01	TCGA-W5-AA39	1	170	1	170	NA	NA	1	170	NA	6.83137741533248	INV Low	TCGA-W5-AA39-01A-11R-A41I-07
TCGA-W6-AA0S-01	TCGA-W6-AA0S	0	808	0	808	1	549	1	549	NA	11.2310480828375	INV High	TCGA-W6-AA0S-01A-11R-A41I-07
TCGA-ZH-A8Y6-01	TCGA-ZH-A8Y6	0	519	0	519	0	519	0	519	NA	7.55803266885122	INV Low	TCGA-ZH-A8Y6-01A-11R-A41I-07
